<?xml version="1.0" encoding="UTF-8"?>
<Plan>
    <ActionPatterns>
    </ActionPatterns>
    <CompetenceElements>
        <CompetenceElement name ="CE-GoGetFood" triggers ="GoToNearestFood">
            <Conditions>
            </Conditions>
        </CompetenceElement>
        <CompetenceElement name ="CE-HasFood" triggers ="EatFood">
            <Conditions>
            </Conditions>
        </CompetenceElement>
        <CompetenceElement name ="CE-HasNoRocks" triggers ="GoGetRocks">
            <Conditions>
            </Conditions>
        </CompetenceElement>
        <CompetenceElement name ="CE-HasRocks" triggers ="GoGetRocks">
            <Conditions>
            </Conditions>
        </CompetenceElement>
        <CompetenceElement name ="CE-GoHome" triggers ="GoHome">
            <Conditions>
            </Conditions>
        </CompetenceElement>
        <CompetenceElement name ="CE-ReadyToBuild" triggers ="BuildHouse">
            <Conditions>
            </Conditions>
        </CompetenceElement>
        <CompetenceElement name ="CE-HasEnoughEnergy" triggers ="AttemptProcreation">
            <Conditions>
            </Conditions>
        </CompetenceElement>
        <CompetenceElement name ="CE-NotEnoughEnergy" triggers ="StayHome">
            <Conditions>
            </Conditions>
        </CompetenceElement>
    </CompetenceElements>
    <Competences>
        <Competence name="C-Procreate">
            <Goals>
            </Goals>
            <CompetenceElements>
                <CompetenceElement name="CE-HasEnoughEnergy"></CompetenceElement>
                <CompetenceElement name="CE-NotEnoughEnergy"></CompetenceElement>
            </CompetenceElements>
        </Competence>
        <Competence name="C-GetFoodToEat">
            <Goals>
            </Goals>
            <CompetenceElements>
                <CompetenceElement name="CE-GoGetFood"></CompetenceElement>
                <CompetenceElement name="CE-HasFood"></CompetenceElement>
            </CompetenceElements>
        </Competence>
        <Competence name="C-BuildHome">
            <Goals>
            </Goals>
            <CompetenceElements>
                <CompetenceElement name="CE-HasRocks"></CompetenceElement>
                <CompetenceElement name="CE-HasNoRocks"></CompetenceElement>
                <CompetenceElement name="CE-ReadyToBuild"></CompetenceElement>
            </CompetenceElements>
        </Competence>
    </Competences>
    <DriveElements>
        <DriveElement name="DE-IsStarving" triggers ="C-GetFoodToEat" checkTime ="0">
            <Conditions>
            </Conditions>
        </DriveElement>
        <DriveElement name="DE-IsNight" triggers ="RunHome" checkTime ="0">
            <Conditions>
            </Conditions>
        </DriveElement>
        <DriveElement name="DE-FoodExists" triggers ="C-GetFoodToEat" checkTime ="0">
            <Conditions>
            </Conditions>
        </DriveElement>
        <DriveElement name="DE-FoodDoesNotExist" triggers ="Stay" checkTime ="0">
            <Conditions>
            </Conditions>
        </DriveElement>
        <DriveElement name="DE-BuildBridges" triggers ="C-BuildBridge" checkTime ="0.1">
            <Conditions>
            </Conditions>
        </DriveElement>
        <DriveElement name="DE-BridgesAllBuilt" triggers ="GoToRiversider" checkTime ="0.1">
            <Conditions>
            </Conditions>
        </DriveElement>
        <DriveElement name="DE-BuildHome" triggers ="C-BuildHome" checkTime ="0.1">
            <Conditions>
            </Conditions>
        </DriveElement>
        <DriveElement name="DE-HasHome" triggers ="GoHome" checkTime ="1">
            <Conditions>
            </Conditions>
        </DriveElement>
        <DriveElement name="DE-IsHome" triggers ="C-Procreate" checkTime ="1">
            <Conditions>
            </Conditions>
        </DriveElement>
        <DriveElement name="DE-GoGetFood" triggers ="GoToNearestFood" checkTime ="1">
            <Conditions>
            </Conditions>
        </DriveElement>
        <DriveElement name="DE-HasFood" triggers ="EatFood" checkTime ="1">
            <Conditions>
            </Conditions>
        </DriveElement>
        <DriveElement name="DE-HasNoRocks" triggers ="GoGetRock" checkTime ="1">
            <Conditions>
            </Conditions>
        </DriveElement>
        <DriveElement name="DE-HasRocks" triggers ="GoNearestBridgeSite" checkTime ="1">
            <Conditions>
            </Conditions>
        </DriveElement>
        <DriveElement name="DE-ReadyToBuild" triggers ="BuildBridge" checkTime ="1">
            <Conditions>
            </Conditions>
        </DriveElement>
        <DriveElement name="DE-DoesNotHaveHome" triggers ="C-BuildHome" checkTime ="1">
            <Conditions>
            </Conditions>
        </DriveElement>
    </DriveElements>
    <Drives>
        <Drive name="D-Survive">
            <Conditions>
            </Conditions>
            <DriveElements>
                <DriveElement name="DE-IsStarving"></DriveElement>
                <DriveElement name="DE-IsNight"></DriveElement>
            </DriveElements>
        </Drive>
        <Drive name="D-EatFood">
            <Conditions>
            </Conditions>
            <DriveElements>
                <DriveElement name="DE-HasFood"></DriveElement>
                <DriveElement name="DE-GoGetFood"></DriveElement>
            </DriveElements>
        </Drive>
        <Drive name="D-BuildBridges">
            <Conditions>
            </Conditions>
            <DriveElements>
                <DriveElement name="DE-HasRocks"></DriveElement>
                <DriveElement name="DE-HasNoRocks"></DriveElement>
                <DriveElement name="DE-ReadyToBuild"></DriveElement>
            </DriveElements>
        </Drive>
        <Drive name="D-BuildHome">
            <Conditions>
            </Conditions>
            <DriveElements>
                <DriveElement name="DE-BuildHome"></DriveElement>
                <DriveElement name="DE-HasHome"></DriveElement>
            </DriveElements>
        </Drive>
        <Drive name="D-Procreate">
            <Conditions>
            </Conditions>
            <DriveElements>
                <DriveElement name="DE-DoesNotHaveHome"></DriveElement>
                <DriveElement name="DE-HasHome"></DriveElement>
                <DriveElement name="DE-IsHome"></DriveElement>
            </DriveElements>
        </Drive>
    </Drives>
</Plan>